search_term,pmc_id,title,authors,journal,year,doi,pmc_url,selected_for_full_text
vitamin D deficiency,10051581,Vitamin D Deficiency in Childhood Cancer Survivors: Results from Southern Thailand,Kittivisuit S; Sripornsawan P; Songthawee N; Chavananon S; Yam-ubon U; McNeil EB; Jaruratanasirikul S; Chotsampancharoen T,Nutrients,2023,10.3390/nu15061328,https://www.ncbi.nlm.nih.gov/pmc/articles/PMC10051581/,False
vitamin D deficiency,10223393,The Impact of Vitamin D Deficiency and Insufficiency on the Outcome of Type 2 Diabetes Mellitus Patients: A Systematic Review,Md Isa Z; Amsah N; Ahmad N,Nutrients,2023,10.3390/nu15102310,https://www.ncbi.nlm.nih.gov/pmc/articles/PMC10223393/,False
vitamin D deficiency,11693588,Relationship between vitamin D deficiency and gestational diabetes: a narrative review,Lin C; Liu H,Frontiers in Endocrinology,2024,10.3389/fendo.2024.1504930,https://www.ncbi.nlm.nih.gov/pmc/articles/PMC11693588/,False
vitamin D deficiency,11460974,Monocyte-to-HDL cholesterol ratio and uric acid-to-HDL cholesterol ratio as predictors of vitamin D deficiency in healthy young adults: a cross-sectional study,Sener A; Hatil SI; Erdogan E; Durukan E; Topcuoglu C,Archives of Endocrinology and Metabolism,2024,10.20945/2359-4292-2024-0004,https://www.ncbi.nlm.nih.gov/pmc/articles/PMC11460974/,False
vitamin D deficiency,10899187,"Prevalence of vitamin D deficiency and its association with cardiometabolic risk factors among healthcare workers in the Eastern Cape province, South Africa; cross-sectional study",Adeniyi OV; Masilela C; George JA,Scientific Reports,2024,10.1038/s41598-024-54977-y,https://www.ncbi.nlm.nih.gov/pmc/articles/PMC10899187/,False
vitamin D deficiency,10943883,Proportion of vitamin D deficiency in children/adolescents with type 1 diabetes: a systematic review and meta-analysis,Yang X; Chai M; Lin M,BMC Pediatrics,2024,10.1186/s12887-024-04683-5,https://www.ncbi.nlm.nih.gov/pmc/articles/PMC10943883/,False
vitamin D deficiency,11314300,Daily and Weekly “High Doses” of Cholecalciferol for the Prevention and Treatment of Vitamin D Deficiency for Obese or Multi-Morbidity and Multi-Treatment Patients Requiring Multi-Drugs—A Narrative Review,Pludowski P; Marcinowska-Suchowierska E; Togizbayev G; Belaya Z; Grant WB; Pilz S; Holick MF,Nutrients,2024,10.3390/nu16152541,https://www.ncbi.nlm.nih.gov/pmc/articles/PMC11314300/,False
vitamin D deficiency,9002638,"Clinical Practice in the Prevention, Diagnosis and Treatment of Vitamin D Deficiency: A Central and Eastern European Expert Consensus Statement",Pludowski P; Takacs I; Boyanov M; Belaya Z; Diaconu CC; Mokhort T; Zherdova N; Rasa I; Payer J; Pilz S,Nutrients,2022,10.3390/nu14071483,https://www.ncbi.nlm.nih.gov/pmc/articles/PMC9002638/,False
vitamin D deficiency,10609566,Effects of Vitamin D Deficiency on Sepsis,Seok H; Kim J; Choi WS; Park DW,Nutrients,2023,10.3390/nu15204309,https://www.ncbi.nlm.nih.gov/pmc/articles/PMC10609566/,False
vitamin D deficiency,8812278,Vitamin D supplementation for term breastfed infants to prevent vitamin D deficiency and improve bone health,Tan ML; Abrams SA; Osborn DA,The Cochrane Database of Systematic Reviews,2020,10.1002/14651858.CD013046.pub2,https://www.ncbi.nlm.nih.gov/pmc/articles/PMC8812278/,False
magnesium deficiency,11644202,The Role of Dietary Magnesium in Cardiovascular Disease,Nielsen FH,Nutrients,2024,10.3390/nu16234223,https://www.ncbi.nlm.nih.gov/pmc/articles/PMC11644202/,False
magnesium deficiency,11621767,Increased magnesium intake does not mitigate MAFLD risk associated with magnesium deficiency,Peng H; Zhao M; Zhang Y; Guo Y; Zhao A,Scientific Reports,2024,10.1038/s41598-024-82203-2,https://www.ncbi.nlm.nih.gov/pmc/articles/PMC11621767/,False
magnesium deficiency,8065437,"Magnesium: Biochemistry, Nutrition, Detection, and Social Impact of Diseases Linked to Its Deficiency",Fiorentini D; Cappadone C; Farruggia G; Prata C,Nutrients,2021,10.3390/nu13041136,https://www.ncbi.nlm.nih.gov/pmc/articles/PMC8065437/,False
magnesium deficiency,10222666,Magnesium Deficiency and Cardiometabolic Disease,Fritzen R; Davies A; Veenhuizen M; Campbell M; Pitt SJ; Ajjan RA; Stewart AJ,Nutrients,2023,10.3390/nu15102355,https://www.ncbi.nlm.nih.gov/pmc/articles/PMC10222666/,False
magnesium deficiency,9264717,Increased Wnt/β-catenin signaling contributes to autophagy inhibition resulting from a dietary magnesium deficiency in injury-induced osteoarthritis,Bai R; Miao MZ; Li H; Wang Y; Hou R; He K; Wu X; Jin H; Zeng C; Cui Y; Lei G,Arthritis Research & Therapy,2022,10.1186/s13075-022-02848-0,https://www.ncbi.nlm.nih.gov/pmc/articles/PMC9264717/,False
magnesium deficiency,7761127,Magnesium Status and Stress: The Vicious Circle Concept Revisited,Pickering G; Mazur A; Trousselard M; Bienkowski P; Yaltsewa N; Amessou M; Noah L; Pouteau E,Nutrients,2020,10.3390/nu12123672,https://www.ncbi.nlm.nih.gov/pmc/articles/PMC7761127/,False
magnesium deficiency,8349125,Magnesium Depletion Score (MDS) Predicts Risk of Systemic Inflammation and Cardiovascular Mortality among US Adults,Fan L; Zhu X; Rosanoff A; Costello RB; Yu C; Ness R; Seidner DL; Murff HJ; Roumie CL; Shrubsole MJ; Dai Q,The Journal of Nutrition,2021,10.1093/jn/nxab138,https://www.ncbi.nlm.nih.gov/pmc/articles/PMC8349125/,False
magnesium deficiency,11858643,Magnesium and Migraine,Dominguez LJ; Veronese N; Sabico S; Al-Daghri NM; Barbagallo M,Nutrients,2025,10.3390/nu17040725,https://www.ncbi.nlm.nih.gov/pmc/articles/PMC11858643/,False
magnesium deficiency,11722560,The Impact of Hypomagnesemia on the Long-Term Evolution After Kidney Transplantation,Ratiu IA; Moisa C; Marc L; Olariu N; Ratiu CA; Bako GC; Ratiu A; Fratila S; Teusdea AC; Ganea M; Indries M; Filip L,Nutrients,2024,10.3390/nu17010050,https://www.ncbi.nlm.nih.gov/pmc/articles/PMC11722560/,False
magnesium deficiency,7823889,Magnesium and Hypertension in Old Age,Dominguez LJ; Veronese N; Barbagallo M,Nutrients,2020,10.3390/nu13010139,https://www.ncbi.nlm.nih.gov/pmc/articles/PMC7823889/,False
vitamin A deficiency,10552616,Factors associated with anemia and vitamin A deficiency in Brazilian children under 5 years old: Brazilian National Survey on Child Nutrition (ENANI-2019),de Castro IR; Normando P; Farias DR; Berti TL; Schincaglia RM; Andrade PG; Bertoni N; Lacerda EM; dos Anjos LA; Boccolini CS; dos Reis MC; Bezerra FF; Pedrosa LF; Jordão AA Junior; de Lira PI; Kac G,Cadernos de Saúde Pública,2023,10.1590/0102-311XEN194922,https://www.ncbi.nlm.nih.gov/pmc/articles/PMC10552616/,False
vitamin A deficiency,9405971,Vitamin A Deficiency Alters the Phototransduction Machinery and Distinct Non-Vision-Specific Pathways in the Drosophila Eye Proteome,Kumar M; Has C; Lam-Kamath K; Ayciriex S; Dewett D; Bashir M; Poupault C; Schuhmann K; Knittelfelder O; Raghuraman BK; Ahrends R; Rister J; Shevchenko A,Biomolecules,2022,10.3390/biom12081083,https://www.ncbi.nlm.nih.gov/pmc/articles/PMC9405971/,False
vitamin A deficiency,11975316,Vitamin A Deficiency Disturbs Ret Expression and Induces Urinary Tract Developmental Abnormalities in Mice,Yu M; Ju H; Ye N; Chen J; Sun L; Wu X; Xu H; Shen Q,American Journal of Nephrology,2024,10.1159/000541289,https://www.ncbi.nlm.nih.gov/pmc/articles/PMC11975316/,False
vitamin A deficiency,10195433,Global patterns in vision loss burden due to vitamin A deficiency from 1990 to 2017,Xu Y; Shan Y; Lin X; Miao Q; Lou L; Wang Y; Ye J,Public Health Nutrition,2021,10.1017/S1368980021001324,https://www.ncbi.nlm.nih.gov/pmc/articles/PMC10195433/,False
vitamin A deficiency,11300326,"Trends in three malnutrition factors in the global burden of disease: iodine deficiency, vitamin A deficiency, and protein-energy malnutrition (1990–2019)",Ji S; Zhou Y; Zhao Q; Chen R; Su Z,Frontiers in Nutrition,2024,10.3389/fnut.2024.1426790,https://www.ncbi.nlm.nih.gov/pmc/articles/PMC11300326/,False
vitamin A deficiency,10200303,The Impact of Vitamin A Deficiency on Tuberculosis Progression,Podell BK; Aibana O; Huang CC; DiLisio JE; Harris MC; Ackart DF; Armann K; Grover A; Severe P; Juste MA; Dupnik K; Basaraba RJ; Murray MB,Clinical Infectious Diseases: An Official Publication of the Infectious Diseases Society of America,2022,10.1093/cid/ciac326,https://www.ncbi.nlm.nih.gov/pmc/articles/PMC10200303/,False
vitamin A deficiency,8375182,Rural-urban determinants of vitamin a deficiency among under 5 children in Bangladesh: Evidence from National Survey 2017–18,Hossain MM; Yeasmin S; Abdulla F; Rahman A,BMC Public Health,2021,10.1186/s12889-021-11607-w,https://www.ncbi.nlm.nih.gov/pmc/articles/PMC8375182/,False
vitamin A deficiency,9432046,Vitamin A deficiency and association between serum retinol and IGF-1 concentrations in Brazilian children with Down syndrome,Ferraz IS; Vieira DM; Ciampo LA Jr; Ued FD; Almeida AC; Jordão AA Jr; Aragon DC; Martinez EZ; Martinelli CE Jr; Nogueira-de-Almeida CA,Jornal de Pediatria,2021,10.1016/j.jped.2021.04.003,https://www.ncbi.nlm.nih.gov/pmc/articles/PMC9432046/,False
vitamin A deficiency,8912822,Global Burden of Vitamin A Deficiency in 204 Countries and Territories from 1990–2019,Zhao T; Liu S; Zhang R; Zhao Z; Yu H; Pu L; Wang L; Han L,Nutrients,2022,10.3390/nu14050950,https://www.ncbi.nlm.nih.gov/pmc/articles/PMC8912822/,False
vitamin A deficiency,8891082,Recognizing Vitamin A Deficiency: Special Considerations in Low-Prevalence Areas,Song A; Mousa HM; Soifer M; Perez VL,Current opinion in pediatrics,2022,10.1097/MOP.0000000000001110,https://www.ncbi.nlm.nih.gov/pmc/articles/PMC8891082/,False
vitamin C deficiency,9476859,Prevalence and factors associated with vitamin C deficiency in inflammatory bowel disease,Gordon BL; Galati JS; Yang S; Longman RS; Lukin D; Scherl EJ; Battat R,World Journal of Gastroenterology,2022,10.3748/wjg.v28.i33.4834,https://www.ncbi.nlm.nih.gov/pmc/articles/PMC9476859/,False
vitamin C deficiency,8156420,Vitamin C Deficiency in the Young Brain—Findings from Experimental Animal Models,Tveden-Nyborg P,Nutrients,2021,10.3390/nu13051685,https://www.ncbi.nlm.nih.gov/pmc/articles/PMC8156420/,False
vitamin C deficiency,11377669,Vitamin C deficiency after kidney transplantation: a cohort and cross-sectional study of the TransplantLines biobank,Yepes-Calderón M; van der Veen Y; Martín del Campo S F; Kremer D; Sotomayor CG; Knobbe TJ; Vos MJ; Corpeleijn E; de Borst MH; Bakker SJ,European Journal of Nutrition,2024,10.1007/s00394-024-03426-7,https://www.ncbi.nlm.nih.gov/pmc/articles/PMC11377669/,False
vitamin C deficiency,10949735,Vitamin C deficiency can lead to pulmonary hypertension: a systematic review of case reports,Hemilä H; de Man AM,BMC Pulmonary Medicine,2024,10.1186/s12890-024-02941-x,https://www.ncbi.nlm.nih.gov/pmc/articles/PMC10949735/,False
vitamin C deficiency,8975062,Vitamin C Deficiency Causes Cell Type–Specific Epigenetic Reprogramming and Acute Tubular Necrosis in a Mouse Model,Yu Z; Xu Z; Liang Y; Yin P; Shi Y; Yu J; Hao J; Wang T; Ci W,Journal of the American Society of Nephrology : JASN,2022,10.1681/ASN.2021070881,https://www.ncbi.nlm.nih.gov/pmc/articles/PMC8975062/,False
vitamin C deficiency,10428288,Mild vitamin C deficiency is common in the inpatient psychiatric setting,Bari BA; Ivkovic A; Wininger BA,The Journal of clinical psychiatry,2023,10.4088/JCP.22m14616,https://www.ncbi.nlm.nih.gov/pmc/articles/PMC10428288/,False
vitamin C deficiency,10108177,Prevalence and prognostic significance of vitamin C deficiency in patients with acute upper gastrointestinal bleeding: a prospective cohort study,Hui S; Lim A; Koh E; Abasszade J; Morgan A; Tan PY; Lemoh C; Robertson M,Alimentary Pharmacology & Therapeutics,2022,10.1111/apt.17359,https://www.ncbi.nlm.nih.gov/pmc/articles/PMC10108177/,False
vitamin C deficiency,11465154,"Prevalence, risk factors, and clinical outcomes of vitamin C deficiency in adult hospitalized patients in high-income countries: a scoping review",Golder JE; Bauer JD; Barker LA; Lemoh CN; Gibson SJ; Davidson ZE,Nutrition Reviews,2024,10.1093/nutrit/nuad157,https://www.ncbi.nlm.nih.gov/pmc/articles/PMC11465154/,False
vitamin C deficiency,11316608,What Do We C in Children With Scurvy? A Case Series Focused on Musculoskeletal Symptoms,Gilley SP; Ta A; Pryor W III; Roper B; Erickson M; Fenton LZ; Tchou MJ; Cotter JM; Moore JM,Hospital pediatrics,2024,10.1542/hpeds.2023-007336,https://www.ncbi.nlm.nih.gov/pmc/articles/PMC11316608/,False
vitamin C deficiency,7918462,"Vitamin C—Sources, Physiological Role, Kinetics, Deficiency, Use, Toxicity, and Determination",Doseděl M; Jirkovský E; Macáková K; Krčmová LK; Javorská L; Pourová J; Mercolini L; Remião F; Nováková L; Mladěnka P,Nutrients,2021,10.3390/nu13020615,https://www.ncbi.nlm.nih.gov/pmc/articles/PMC7918462/,False
iron deficiency anemia,10720942,Associated factors in pediatric patients admitted with severe iron-deficiency anemia in the last seven years – the experience of a single pediatric unit,Singer CE; Biciuşcă V; Abdul-Razzak J; Popescu IA; Geormăneanu C; Singer MM; Mărginean CM; Popescu M,Romanian Journal of Morphology and Embryology,2023,10.47162/RJME.64.3.13,https://www.ncbi.nlm.nih.gov/pmc/articles/PMC10720942/,False
iron deficiency anemia,11547346,"Diagnosis and Treatment of Iron Deficiency and Iron Deficiency Anemia in Children and Adolescents: Recommendations of the Polish Pediatric Society, the Polish Society of Pediatric Oncology and Hematology, the Polish Society of Neonatology, and the Polish Society of Family Medicine",Chaber R; Helwich E; Lauterbach R; Mastalerz-Migas A; Matysiak M; Peregud-Pogorzelski J; Styczyński J; Szczepański T; Jackowska T,Nutrients,2024,10.3390/nu16213623,https://www.ncbi.nlm.nih.gov/pmc/articles/PMC11547346/,False
iron deficiency anemia,10727057,Identifying and treating iron deficiency anemia in pregnancy,Lewkowitz AK; Tuuli MG,Hematology: the American Society of Hematology Education Program,2023,10.1182/hematology.2023000474,https://www.ncbi.nlm.nih.gov/pmc/articles/PMC10727057/,False
iron deficiency anemia,9827174,Comparative analysis of oral and intravenous iron therapy in rat models of inflammatory anemia and iron deficiency,de Souza LV; Hoffmann A; Fischer C; Petzer V; Asshoff M; Theurl I; Tymoszuk P; Seifert M; Brigo N; Hilbe R; Demetz E; Von Raffay L; Berger S; Barros-Pinkelnig M; Weiss G,Haematologica,2022,10.3324/haematol.2022.281149,https://www.ncbi.nlm.nih.gov/pmc/articles/PMC9827174/,False
iron deficiency anemia,10319843,Iron-Deficiency Anemia in CKD: A Narrative Review for the Kidney Care Team,Hain D; Bednarski D; Cahill M; Dix A; Foote B; Haras MS; Pace R; Gutiérrez OM,Kidney Medicine,2023,10.1016/j.xkme.2023.100677,https://www.ncbi.nlm.nih.gov/pmc/articles/PMC10319843/,False
iron deficiency anemia,10138976,Iron Deficiency and Iron Deficiency Anemia: Potential Risk Factors in Bone Loss,Yang J; Li Q; Feng Y; Zeng Y,International Journal of Molecular Sciences,2023,10.3390/ijms24086891,https://www.ncbi.nlm.nih.gov/pmc/articles/PMC10138976/,False
iron deficiency anemia,9669178,"The Incidence, Complications and Treatment of Iron Deficiency in Pregnancy",Benson AE; Shatzel JJ; Ryan KS; Hedges MA; Martens K; Aslan JE; Lo JO,European journal of haematology,2022,10.1111/ejh.13870,https://www.ncbi.nlm.nih.gov/pmc/articles/PMC9669178/,False
iron deficiency anemia,11723162,Prevalence and Determinants of Stunting-Anemia and Wasting-Anemia Comorbidities and Micronutrient Deficiencies in Children Under 5 in the Least-Developed Countries: A Systematic Review and Meta-analysis,Dessie G; Li J; Nghiem S; Doan T,Nutrition Reviews,2024,10.1093/nutrit/nuae063,https://www.ncbi.nlm.nih.gov/pmc/articles/PMC11723162/,False
iron deficiency anemia,11247274,"Recommendations for diagnosis, treatment, and prevention of iron deficiency and iron deficiency anemia",Iolascon A; Andolfo I; Russo R; Sanchez M; Busti F; Swinkels D; Aguilar Martinez P; Bou‐Fakhredin R; Muckenthaler MU; Unal S; Porto G; Ganz T; Kattamis A; De Franceschi L; Cappellini MD; Munro MG; Taher A,HemaSphere,2024,10.1002/hem3.108,https://www.ncbi.nlm.nih.gov/pmc/articles/PMC11247274/,False
iron deficiency anemia,8537360,"Iron Deficiency in Celiac Disease: Prevalence, Health Impact, and Clinical Management",Montoro-Huguet MA; Santolaria-Piedrafita S; Cañamares-Orbis P; García-Erce JA,Nutrients,2021,10.3390/nu13103437,https://www.ncbi.nlm.nih.gov/pmc/articles/PMC8537360/,False
thiamine deficiency,11988323,The Pivotal Role of Thiamine Supplementation in Counteracting Cardiometabolic Dysfunctions Associated with Thiamine Deficiency,Ritorto G; Ussia S; Mollace R; Serra M; Tavernese A; Palma E; Muscoli C; Mollace V; Macrì R,International Journal of Molecular Sciences,2025,10.3390/ijms26073090,https://www.ncbi.nlm.nih.gov/pmc/articles/PMC11988323/,False
thiamine deficiency,8451766,Thiamine deficiency disorders: a clinical perspective,Smith TJ; Johnson CR; Koshy R; Hess SY; Qureshi UA; Mynak ML; Fischer PR,Annals of the New York Academy of Sciences,2020,10.1111/nyas.14536,https://www.ncbi.nlm.nih.gov/pmc/articles/PMC8451766/,False
thiamine deficiency,10158844,Thiamine deficiency in pregnancy and lactation: implications and present perspectives,Kareem O; Nisar S; Tanvir M; Muzaffer U; Bader GN,Frontiers in Nutrition,2023,10.3389/fnut.2023.1080611,https://www.ncbi.nlm.nih.gov/pmc/articles/PMC10158844/,False
thiamine deficiency,12232615,Widespread thiamine deficiency in California salmon linked to an anchovy-dominated marine prey base,Mantua NJ; Bell H; Todgham AE; Daniels ME; Rinchard J; Ludwig JM; Field JC; Lindley ST; Rowland FE; Richter CA; Walters D; Finney B; Distajo HA; Tillitt D; Honeyfield DC; Lipscomb T; Kwak K; Kindopp J; Cocherell D; Ward A; Williams TH; Harding J; Fangue NA; Jeffres C; Ruiz-Cooley RI; Litvin SY; Foott S; Adkison M; Kormos B; Harte P; Colwell F; Suffridge CP; Shannon KC; Cranford A; Ambrose C; Reed A; Johnson RC,Proceedings of the National Academy of Sciences of the United States of America,2025,10.1073/pnas.2426011122,https://www.ncbi.nlm.nih.gov/pmc/articles/PMC12232615/,False
thiamine deficiency,11473601,Thiamine: An indispensable regulator of paediatric neuro-cardiovascular health and diseases,Ysphaneendramallimoggala; Biswas M; Anburaj SE; Iqbal F; A. S; Suryakanth VB; Lewis LE,European Journal of Pediatrics,2024,10.1007/s00431-024-05756-4,https://www.ncbi.nlm.nih.gov/pmc/articles/PMC11473601/,False
thiamine deficiency,8451800,Thiamine deficiency unrelated to alcohol consumption in high‐income countries: a literature review,Gomes F; Bergeron G; Bourassa MW; Fischer PR,Annals of the New York Academy of Sciences,2021,10.1111/nyas.14569,https://www.ncbi.nlm.nih.gov/pmc/articles/PMC8451800/,False
thiamine deficiency,9290709,Pediatric thiamine deficiency disorders in high‐income countries between 2000 and 2020: a clinical reappraisal,Rakotoambinina B; Hiffler L; Gomes F,Annals of the New York Academy of Sciences,2021,10.1111/nyas.14669,https://www.ncbi.nlm.nih.gov/pmc/articles/PMC9290709/,False
thiamine deficiency,10256141,Prevalence of Thiamine Deficiency in Pregnancy and its impact on fetal outcome in an area endemic for thiamine deficiency,Kareem O; Mufti S; Nisar S; Tanvir M; Muzaffer U; Ali N; Sheikh IA; Bader GN,PLOS Neglected Tropical Diseases,2023,10.1371/journal.pntd.0011324,https://www.ncbi.nlm.nih.gov/pmc/articles/PMC10256141/,False
thiamine deficiency,11213416,"Thiamine deficiency in diabetes, obesity and bariatric surgery: Recipes for diabetic ketoacidosis",Panda A; Heidari A; Borumand M; Ahmed M; Hassan A; Ahmed MH,Journal of Family Medicine and Primary Care,2024,10.4103/jfmpc.jfmpc_1413_23,https://www.ncbi.nlm.nih.gov/pmc/articles/PMC11213416/,False
thiamine deficiency,10398819,Thiamine deficiency: a commonly unrecognised but easily treatable condition,Schostak T; Millan IS; Jani A; Johnson RJ,Postgraduate medical journal,2022,10.1136/pmj-2022-141972,https://www.ncbi.nlm.nih.gov/pmc/articles/PMC10398819/,False
zinc deficiency,8232736,Enablers and Barriers of Zinc Fortification; Experience from 10 Low- and Middle-Income Countries with Mandatory Large-Scale Food Fortification,Tarini A; Manger MS; Brown KH; Mbuya MN; Rowe LA; Grant F; Black RE; McDonald CM,Nutrients,2021,10.3390/nu13062051,https://www.ncbi.nlm.nih.gov/pmc/articles/PMC8232736/,False
zinc deficiency,9696717,Association of Zinc with Anemia,Jeng SS; Chen YH,Nutrients,2022,10.3390/nu14224918,https://www.ncbi.nlm.nih.gov/pmc/articles/PMC9696717/,False
zinc deficiency,8047403,Zinc deficiency as a possible risk factor for increased susceptibility and severe progression of Corona Virus Disease 19,Wessels I; Rolles B; Slusarenko AJ; Rink L,The British Journal of Nutrition,2021,10.1017/S0007114521000738,https://www.ncbi.nlm.nih.gov/pmc/articles/PMC8047403/,False
zinc deficiency,8156917,Association of Zinc Deficiency with Development of CVD Events in Patients with CKD,Nakatani S; Mori K; Shoji T; Emoto M,Nutrients,2021,10.3390/nu13051680,https://www.ncbi.nlm.nih.gov/pmc/articles/PMC8156917/,False
zinc deficiency,9231024,Impact of Zinc Transport Mechanisms on Embryonic and Brain Development,Willekens J; Runnels LW,Nutrients,2022,10.3390/nu14122526,https://www.ncbi.nlm.nih.gov/pmc/articles/PMC9231024/,False
zinc deficiency,10096995,Study on the Zinc Nutritional Status and Risk Factors of Chinese 6–18-Year-Old Children,Lu J; Zhang H; Cao W; Jiang S; Fang H; Yu D; Yang L,Nutrients,2023,10.3390/nu15071685,https://www.ncbi.nlm.nih.gov/pmc/articles/PMC10096995/,False
zinc deficiency,8483949,"Effects of Foods Fortified with Zinc, Alone or Cofortified with Multiple Micronutrients, on Health and Functional Outcomes: A Systematic Review and Meta-Analysis",Tsang BL; Holsted E; McDonald CM; Brown KH; Black R; Mbuya MN; Grant F; Rowe LA; Manger MS,Advances in Nutrition,2021,10.1093/advances/nmab065,https://www.ncbi.nlm.nih.gov/pmc/articles/PMC8483949/,False
zinc deficiency,10061962,"Zinc supplementation for preventing mortality, morbidity, and growth failure in children aged 6 months to 12 years",Imdad A; Rogner J; Sherwani RN; Sidhu J; Regan A; Haykal MR; Tsistinas O; Smith A; Chan XH; Mayo-Wilson E; Bhutta ZA,The Cochrane Database of Systematic Reviews,2023,10.1002/14651858.CD009384.pub3,https://www.ncbi.nlm.nih.gov/pmc/articles/PMC10061962/,False
zinc deficiency,11272573,Mandatory large-scale food fortification programmes can reduce the estimated prevalence of inadequate zinc intake by up to 50% globally,Wessells KR; Manger MS; Tsang BL; Brown KH; McDonald CM,Nature Food,2024,10.1038/s43016-024-00997-w,https://www.ncbi.nlm.nih.gov/pmc/articles/PMC11272573/,False
zinc deficiency,11274920,Zinc Deficiency and Zinc Supplementation in Allergic Diseases,Maywald M; Rink L,Biomolecules,2024,10.3390/biom14070863,https://www.ncbi.nlm.nih.gov/pmc/articles/PMC11274920/,False
potassium deficiency,8158353,Polyamine Metabolism in Scots Pine Embryogenic Cells under Potassium Deficiency,Muilu-Mäkelä R; Vuosku J; Häggman H; Sarjala T,Cells,2021,10.3390/cells10051244,https://www.ncbi.nlm.nih.gov/pmc/articles/PMC8158353/,False
potassium deficiency,11765689,The Potassium Utilization Gene Network in Brassica napus and Functional Validation of BnaZSHAK5.2 Gene in Response to Potassium Deficiency,Qian X; Liu H; Zhou J; Zhu W; Hu L; Yang X; Yang X; Zhao H; Wan H; Yin N; Li J; Qu C; Du H,International Journal of Molecular Sciences,2025,10.3390/ijms26020794,https://www.ncbi.nlm.nih.gov/pmc/articles/PMC11765689/,False
potassium deficiency,10576708,Dynamic transcriptome analysis unravels key regulatory genes of maize root growth and development in response to potassium deficiency,Guo S; Liu Z; Sheng H; Olukayode T; Zhou Z; Liu Y; Wang M; He M; Kochian L; Qin Y,Planta,2023,10.1007/s00425-023-04260-7,https://www.ncbi.nlm.nih.gov/pmc/articles/PMC10576708/,False
potassium deficiency,8003395,Transcriptome Analysis Unravels Key Factors Involved in Response to Potassium Deficiency and Feedback Regulation of K+ Uptake in Cotton Roots,Yang D; Li F; Yi F; Eneji AE; Tian X; Li Z,International Journal of Molecular Sciences,2021,10.3390/ijms22063133,https://www.ncbi.nlm.nih.gov/pmc/articles/PMC8003395/,False
potassium deficiency,9479357,Transcriptome analysis of sweet potato responses to potassium deficiency,Wang F; Tan WF; Song W; Yang ST; Qiao S,BMC Genomics,2022,10.1186/s12864-022-08870-5,https://www.ncbi.nlm.nih.gov/pmc/articles/PMC9479357/,False
potassium deficiency,12128975,Potassium supplementation and depletion during development of salt-sensitive hypertension in male and female SS rats,Zietara A; Dissanayake LV; Lowe M; Xu B; Levchenko V; Kain V; Halade GV; Klemens CA; Palygin O; Staruschenko A,JCI Insight,2025,10.1172/jci.insight.181778,https://www.ncbi.nlm.nih.gov/pmc/articles/PMC12128975/,False
potassium deficiency,9688027,"Effect of Potassium Deficiency on Physiological Responses and Anatomical Structure of Basil, Ocimum basilicum L.",Attia H; Rebah F; Ouhibi C; Saleh MA; Althobaiti AT; Alamer KH; Ben Nasri M; Lachaâl M,Biology,2022,10.3390/biology11111557,https://www.ncbi.nlm.nih.gov/pmc/articles/PMC9688027/,False
potassium deficiency,10404376,"Multi-omics strategies uncover the molecular mechanisms of nitrogen, phosphorus and potassium deficiency responses in Brassica napus",Fu Y; Mason AS; Song M; Ni X; Liu L; Shi J; Wang T; Xiao M; Zhang Y; Fu D; Yu H,Cellular & Molecular Biology Letters,2023,10.1186/s11658-023-00479-0,https://www.ncbi.nlm.nih.gov/pmc/articles/PMC10404376/,False
potassium deficiency,12290283,Natural variation in potassium deficiency responses among Arabidopsis thaliana accessions,Sugimura N; Sakuraba Y; Usuda K; Ohtsuki N; Monda K; Iba K; Yanagisawa S,Plant and Cell Physiology,2025,10.1093/pcp/pcaf041,https://www.ncbi.nlm.nih.gov/pmc/articles/PMC12290283/,False
potassium deficiency,10560233,"Silicon mitigates K deficiency in maize by modifying C, N, and P stoichiometry and nutritional efficiency",Costa MG; de Mello Prado R; dos Santos Sarah MM; de Souza AE; de Souza Júnior JP,Scientific Reports,2023,10.1038/s41598-023-44301-5,https://www.ncbi.nlm.nih.gov/pmc/articles/PMC10560233/,False
vitamin B12 deficiency,11273170,"Metformin-Induced Vitamin B12 Deficiency in Patients with Type 2 Diabetes: A Narrative Review with a Practical Approach for Screening, Diagnosing, and Managing Vitamin B12 Deficiency",Yazidi M; Kammoun E; Oueslati I; Chihaoui M,Korean Journal of Family Medicine,2024,10.4082/kjfm.24.0090,https://www.ncbi.nlm.nih.gov/pmc/articles/PMC11273170/,False
vitamin B12 deficiency,11050313,"Diagnosis, Treatment and Long-Term Management of Vitamin B12 Deficiency in Adults: A Delphi Expert Consensus",Obeid R; Andrès E; Češka R; Hooshmand B; Guéant-Rodriguez RM; Prada GI; Sławek J; Traykov L; Ta Van B; Várkonyi T; Reiners K,Journal of Clinical Medicine,2024,10.3390/jcm13082176,https://www.ncbi.nlm.nih.gov/pmc/articles/PMC11050313/,False
vitamin B12 deficiency,8311483,Long-term metformin therapy and vitamin B12 deficiency: An association to bear in mind,Infante M; Leoni M; Caprio M; Fabbri A,World Journal of Diabetes,2021,10.4239/wjd.v12.i7.916,https://www.ncbi.nlm.nih.gov/pmc/articles/PMC8311483/,False
vitamin B12 deficiency,10509512,The effects of daily dose and treatment duration of metformin on the prevalence of vitamin B12 deficiency and peripheral neuropathy in Chinese patients with type 2 diabetes mellitus: A multicenter cross‐sectional study,Gao L; Ran X; Liu X; Shen X; Chen S; Liu F; Zhao D; Bi Y; Su Q; Lu Y; Lei M; Wang Y; Ji L,Journal of Diabetes,2023,10.1111/1753-0407.13428,https://www.ncbi.nlm.nih.gov/pmc/articles/PMC10509512/,False
vitamin B12 deficiency,9505342,Maternal Vitamin B12 Deficiency Detected by Newborn Screening—Evaluation of Causes and Characteristics,Reischl-Hajiabadi AT; Garbade SF; Feyh P; Weiss KH; Mütze U; Kölker S; Hoffmann GF; Gramer G,Nutrients,2022,10.3390/nu14183767,https://www.ncbi.nlm.nih.gov/pmc/articles/PMC9505342/,False
vitamin B12 deficiency,11023582,"Vitamin B12 deficiency and neuropsychiatric symptoms in Lebanon: A cross-sectional study of vegans, vegetarians, and omnivores",Al Jassem O; Kheir K; Ismail A; Abou-Abbas L; Masri A; Haddad C; Masry JE; Nasrallah K,PLOS One,2024,10.1371/journal.pone.0297976,https://www.ncbi.nlm.nih.gov/pmc/articles/PMC11023582/,False
vitamin B12 deficiency,8009370,Profiling immuno-metabolic mediators of vitamin B12 deficiency among metformin-treated type 2 diabetic patients in Ghana,Sakyi SA; Laing EF; Mantey R; Kwarteng A; Owiredu EW; Dadzie RE; Amoani B; Opoku S; Afranie BO; Boakye D,PLoS ONE,2021,10.1371/journal.pone.0249325,https://www.ncbi.nlm.nih.gov/pmc/articles/PMC8009370/,False
vitamin B12 deficiency,11374140,Vitamin B12 Deficiency in Patients Taking Metformin: Pathogenesis and Recommendations,Ramzan NU; Shahjahan K; Dhillon RA; Khan NT; Hashmat MB; Anwer MU; Ahmed D; Afzal F; Tahir MM; Muzaffar A,Cureus,2024,10.7759/cureus.68550,https://www.ncbi.nlm.nih.gov/pmc/articles/PMC11374140/,False
vitamin B12 deficiency,12131923,Concomitant use of metformin and proton pump inhibitors increases vitamin B12 deficiency risk in type 2 diabetes,Jung C; Park S; Kim H,Journal of Diabetes Investigation,2025,10.1111/jdi.70037,https://www.ncbi.nlm.nih.gov/pmc/articles/PMC12131923/,False
vitamin B12 deficiency,8023483,Maternal vitamin B12 deficiency and perinatal outcomes in southern India,Finkelstein JL; Fothergill A; Krisher JT; Thomas T; Kurpad AV; Dwarkanath P,PLoS ONE,2021,10.1371/journal.pone.0248145,https://www.ncbi.nlm.nih.gov/pmc/articles/PMC8023483/,False
calcium deficiency,8056136,Modern India and Dietary Calcium Deficiency—Half a Century Nutrition Data—Retrospect–Introspect and the Road Ahead,Harinarayan CV; Akhila H; Shanthisree E,Frontiers in Endocrinology,2021,10.3389/fendo.2021.583654,https://www.ncbi.nlm.nih.gov/pmc/articles/PMC8056136/,False
calcium deficiency,9241635,Synergistic Antifungal Effect of a Combination of Iron Deficiency and Calcium Supplementation,Ye J; Wang Y; Li X; Wan Q; Zhang Y; Lu L,Microbiology Spectrum,2022,10.1128/spectrum.01121-22,https://www.ncbi.nlm.nih.gov/pmc/articles/PMC9241635/,False
calcium deficiency,10880274,TFEB activation triggers pexophagy for functional adaptation during oxidative stress under calcium deficient-conditions,Manandhar L; Dutta RK; Devkota P; Chhetri A; Wei X; Park C; Kwon HM; Park R,Cell Communication and Signaling : CCS,2024,10.1186/s12964-024-01524-x,https://www.ncbi.nlm.nih.gov/pmc/articles/PMC10880274/,False
calcium deficiency,11408158,Loss of mitochondria long-chain fatty acid oxidation impairs skeletal muscle contractility by disrupting myofibril structure and calcium homeostasis,Pereyra AS; Fernandez RF; Amorese A; Castro JN; Lin CT; Spangenburg EE; Ellis JM,Molecular Metabolism,2024,10.1016/j.molmet.2024.102015,https://www.ncbi.nlm.nih.gov/pmc/articles/PMC11408158/,False
calcium deficiency,10264423,Running exercise with and without calcium supplementation from tuna bone reduced bone impairment caused by low calcium intake in young adult rats,Suntornsaratoon P; Thongklam T; Saetae T; Kodmit B; Lapmanee S; Malaivijitnond S; Charoenphandhu N; Krishnamra N,Scientific Reports,2023,10.1038/s41598-023-36561-y,https://www.ncbi.nlm.nih.gov/pmc/articles/PMC10264423/,False
calcium deficiency,8657956,Transcriptomics Reveals the ERF2-bHLH2-CML5 Module Responses to H2S and ROS in Postharvest Calcium Deficiency Apples,Sun HY; Zhang WW; Qu HY; Gou SS; Li LX; Song HH; Yang HQ; Li WJ; Zhang H; Hu KD; Yao GF,International Journal of Molecular Sciences,2021,10.3390/ijms222313013,https://www.ncbi.nlm.nih.gov/pmc/articles/PMC8657956/,False
calcium deficiency,10420380,"Oral calcium and vitamin D supplements differentially alter exploratory, anxiety-like behaviors and memory in male rats",Lapmanee S; Bhubhanil S; Sriwong S; Yuajit C; Wongchitrat P; Teerapornpuntakit J; Suntornsaratoon P; Charoenphandhu J; Charoenphandhu N,PLOS ONE,2023,10.1371/journal.pone.0290106,https://www.ncbi.nlm.nih.gov/pmc/articles/PMC10420380/,False
calcium deficiency,9311836,Calcium deficiency worldwide: prevalence of inadequate intakes and associated health outcomes,Shlisky J; Mandlik R; Askari S; Abrams S; Belizan JM; Bourassa MW; Cormick G; Driller‐Colangelo A; Gomes F; Khadilkar A; Owino V; Pettifor JM; Rana ZH; Roth DE; Weaver C,Annals of the New York Academy of Sciences,2022,10.1111/nyas.14758,https://www.ncbi.nlm.nih.gov/pmc/articles/PMC9311836/,False
calcium deficiency,9306636,Interventions to improve calcium intake through foods in populations with low intake,Bourassa MW; Abrams SA; Belizán JM; Boy E; Cormick G; Quijano CD; Gibson S; Gomes F; Hofmeyr GJ; Humphrey J; Kraemer K; Lividini K; Neufeld LM; Palacios C; Shlisky J; Thankachan P; Villalpando S; Weaver CM,Annals of the New York Academy of Sciences,2022,10.1111/nyas.14743,https://www.ncbi.nlm.nih.gov/pmc/articles/PMC9306636/,False
calcium deficiency,8384791,Review on the extraction of calcium supplements from eggshells to combat waste generation and chronic calcium deficiency,Singh A; Kelkar N; Natarajan K; Selvaraj S,Environmental Science and Pollution Research International,2021,10.1007/s11356-021-15158-w,https://www.ncbi.nlm.nih.gov/pmc/articles/PMC8384791/,False
vitamin B1 deficiency,11988323,The Pivotal Role of Thiamine Supplementation in Counteracting Cardiometabolic Dysfunctions Associated with Thiamine Deficiency,Ritorto G; Ussia S; Mollace R; Serra M; Tavernese A; Palma E; Muscoli C; Mollace V; Macrì R,International Journal of Molecular Sciences,2025,10.3390/ijms26073090,https://www.ncbi.nlm.nih.gov/pmc/articles/PMC11988323/,False
vitamin B1 deficiency,10158844,Thiamine deficiency in pregnancy and lactation: implications and present perspectives,Kareem O; Nisar S; Tanvir M; Muzaffer U; Bader GN,Frontiers in Nutrition,2023,10.3389/fnut.2023.1080611,https://www.ncbi.nlm.nih.gov/pmc/articles/PMC10158844/,False
vitamin B1 deficiency,12232615,Widespread thiamine deficiency in California salmon linked to an anchovy-dominated marine prey base,Mantua NJ; Bell H; Todgham AE; Daniels ME; Rinchard J; Ludwig JM; Field JC; Lindley ST; Rowland FE; Richter CA; Walters D; Finney B; Distajo HA; Tillitt D; Honeyfield DC; Lipscomb T; Kwak K; Kindopp J; Cocherell D; Ward A; Williams TH; Harding J; Fangue NA; Jeffres C; Ruiz-Cooley RI; Litvin SY; Foott S; Adkison M; Kormos B; Harte P; Colwell F; Suffridge CP; Shannon KC; Cranford A; Ambrose C; Reed A; Johnson RC,Proceedings of the National Academy of Sciences of the United States of America,2025,10.1073/pnas.2426011122,https://www.ncbi.nlm.nih.gov/pmc/articles/PMC12232615/,False
vitamin B1 deficiency,8451766,Thiamine deficiency disorders: a clinical perspective,Smith TJ; Johnson CR; Koshy R; Hess SY; Qureshi UA; Mynak ML; Fischer PR,Annals of the New York Academy of Sciences,2020,10.1111/nyas.14536,https://www.ncbi.nlm.nih.gov/pmc/articles/PMC8451766/,False
vitamin B1 deficiency,11473601,Thiamine: An indispensable regulator of paediatric neuro-cardiovascular health and diseases,Ysphaneendramallimoggala; Biswas M; Anburaj SE; Iqbal F; A. S; Suryakanth VB; Lewis LE,European Journal of Pediatrics,2024,10.1007/s00431-024-05756-4,https://www.ncbi.nlm.nih.gov/pmc/articles/PMC11473601/,False
vitamin B1 deficiency,8839250,"Biological Properties of Vitamins of the B-Complex, Part 1: Vitamins B1, B2, B3, and B5",Hrubša M; Siatka T; Nejmanová I; Vopršalová M; Kujovská Krčmová L; Matoušová K; Javorská L; Macáková K; Mercolini L; Remião F; Máťuš M; Mladěnka P,Nutrients,2022,10.3390/nu14030484,https://www.ncbi.nlm.nih.gov/pmc/articles/PMC8839250/,False
vitamin B1 deficiency,10568373,The importance of thiamine (vitamin B1) in humans,Mrowicka M; Mrowicki J; Dragan G; Majsterek I,Bioscience Reports,2023,10.1042/BSR20230374,https://www.ncbi.nlm.nih.gov/pmc/articles/PMC10568373/,False
vitamin B1 deficiency,12251314,Thiamine (Vitamin B1)—An Essential Health Regulator,Kaźmierczak-Barańska J; Halczuk K; Karwowski BT,Nutrients,2025,10.3390/nu17132206,https://www.ncbi.nlm.nih.gov/pmc/articles/PMC12251314/,False
vitamin B1 deficiency,7986856,Infantile thiamine deficiency in South and Southeast Asia: An age‐old problem needing new solutions,Smith TJ; Hess SY,Nutrition Bulletin,2021,10.1111/nbu.12481,https://www.ncbi.nlm.nih.gov/pmc/articles/PMC7986856/,False
vitamin B1 deficiency,7551939,The Relevance of Thiamine Evaluation in a Practical Setting,Pacei F; Tesone A; Laudi N; Laudi E; Cretti A; Pnini S; Varesco F; Colombo C,Nutrients,2020,10.3390/nu12092810,https://www.ncbi.nlm.nih.gov/pmc/articles/PMC7551939/,False
